timestamp,source_ip,destination_ip,domain,resource,message
1682911437,102.0.0.79,101.0.0.10,evil.dne,/resource13.html,"The armor sets you get from Amiibo are all generally reskins of each other. The set you get for [clearing all shrines](/spoiler) is better, as well as the ancient armor. Epona is alright, but kind of unnecessary when you can get the white horse 5 minutes after leaving the Plateau. Weapons you get from amibos are dwarfed by weapons dropped from easily farmable lynels late game, and the rest are just pointless ingredients.  "
1682911445,102.0.0.79,101.0.0.20,yieldmo.com,/,
1682911456,102.0.0.79,101.0.0.10,evil.dne,/resource13.html,Which bow?
1682911471,102.0.0.79,101.0.0.20,cloudflare-dns.com,/,
1682911488,102.0.0.79,101.0.0.20,appcenter.ms,/,
1682911492,102.0.0.79,101.0.0.10,evil.dne,/resource13.html,How much damage does it do? Any special effect?
1682911496,102.0.0.79,101.0.0.10,evil.dne,/resource13.html,"*royal guards arms, I believe. No armor. You have to bring weapons from the Royal Guard series found in the castle. Best gear in the game besudes lynel stuff, but it breaks quickly."
1682911496,102.0.0.79,101.0.0.10,evil.dne,/resource13.html,Don't listen to this guy. The answer is actually nah. 
1682911496,102.0.0.79,101.0.0.10,evil.dne,/resource13.html,You listed the main characters.
1682911496,102.0.0.79,101.0.0.10,evil.dne,/resource13.html,The point where the inventory upgrade sidequest starts is on the road to Kakariko.
1682911496,102.0.0.79,101.0.0.10,evil.dne,/resource13.html,Not armor. Arms.
1682911497,102.0.0.79,101.0.0.10,evil.dne,/resource13.html,Why not?
1682911497,102.0.0.79,101.0.0.10,evil.dne,/resource13.html,Anything will fall before you run out of bombs.
1682911497,102.0.0.79,101.0.0.10,evil.dne,/resource13.html,Only one hinox on the island.
1682911497,102.0.0.79,101.0.0.10,evil.dne,/resource13.html,"Record is more like 48 minutes. Some crazy exploits, man."
1682911499,102.0.0.79,101.0.0.10,evil.dne,/resource13.html,Only one hinox on Eventide island. You're thinking of a different shrine quest.
1682911523,102.0.0.79,101.0.0.20,ebay.com,/,
1682911531,102.0.0.79,101.0.0.20,fbsbx.com,/,
1682911538,102.0.0.79,101.0.0.10,evil.dne,/resource13.html,I can always just buy another one...
1682911538,102.0.0.79,101.0.0.10,evil.dne,/resource13.html,"Yea, but it was half-assed. They spent all this time making this awesome game, then were like ""Oh shit, we gotta put this in somewhere."""
1682911548,102.0.0.79,101.0.0.20,intentiq.com,/,
1682911573,102.0.0.79,101.0.0.20,geoedge.be,/,
1682911604,102.0.0.79,101.0.0.20,icloud-content.com,/,
1682911626,102.0.0.79,101.0.0.20,bitdefender.net,/,
1682911659,102.0.0.79,101.0.0.20,msidentity.com,/,
1682911687,102.0.0.79,101.0.0.20,amazon.de,/,
1682911711,102.0.0.79,101.0.0.20,igamecj.com,/,
1682911727,102.0.0.79,101.0.0.20,gmail.com,/,
1682911751,102.0.0.79,101.0.0.20,split.io,/,
1682911771,102.0.0.79,101.0.0.20,technoratimedia.com,/,
1682911794,102.0.0.79,101.0.0.20,office365.com,/,
1682911810,102.0.0.79,101.0.0.20,forter.com,/,
1682911841,102.0.0.79,101.0.0.20,eset.com,/,
1682911845,102.0.0.79,101.0.0.20,vungle.com,/,
1682911885,102.0.0.79,101.0.0.20,xiaomi.com,/,
1682911896,102.0.0.79,101.0.0.20,connatix.com,/,
1682911931,102.0.0.79,101.0.0.10,evil.dne,/resource13.html,"The armor sets you get from Amiibo are all generally reskins of each other. The set you get for [clearing all shrines](/spoiler) is better, as well as the ancient armor. Epona is alright, but kind of unnecessary when you can get the white horse 5 minutes after leaving the Plateau. Weapons you get from amibos are dwarfed by weapons dropped from easily farmable lynels late game, and the rest are just pointless ingredients.  "
1682911934,102.0.0.79,101.0.0.20,stripe.com,/,
1682911950,102.0.0.79,101.0.0.10,evil.dne,/resource13.html,Which bow?
1682911957,102.0.0.79,101.0.0.20,pangle-b.io,/,
1682911980,102.0.0.79,101.0.0.20,onetag-sys.com,/,
1682911986,102.0.0.79,101.0.0.10,evil.dne,/resource13.html,How much damage does it do? Any special effect?
1682911990,102.0.0.79,101.0.0.10,evil.dne,/resource13.html,"*royal guards arms, I believe. No armor. You have to bring weapons from the Royal Guard series found in the castle. Best gear in the game besudes lynel stuff, but it breaks quickly."
1682911990,102.0.0.79,101.0.0.10,evil.dne,/resource13.html,Don't listen to this guy. The answer is actually nah. 
1682911990,102.0.0.79,101.0.0.10,evil.dne,/resource13.html,You listed the main characters.
1682911990,102.0.0.79,101.0.0.10,evil.dne,/resource13.html,The point where the inventory upgrade sidequest starts is on the road to Kakariko.
1682911990,102.0.0.79,101.0.0.10,evil.dne,/resource13.html,Not armor. Arms.
1682911991,102.0.0.79,101.0.0.10,evil.dne,/resource13.html,Why not?
1682911991,102.0.0.79,101.0.0.10,evil.dne,/resource13.html,Anything will fall before you run out of bombs.
1682911991,102.0.0.79,101.0.0.10,evil.dne,/resource13.html,Only one hinox on the island.
1682911991,102.0.0.79,101.0.0.10,evil.dne,/resource13.html,"Record is more like 48 minutes. Some crazy exploits, man."
1682911993,102.0.0.79,101.0.0.10,evil.dne,/resource13.html,Only one hinox on Eventide island. You're thinking of a different shrine quest.
1682911999,102.0.0.79,101.0.0.20,nist.gov,/,
1682912032,102.0.0.79,101.0.0.10,evil.dne,/resource13.html,I can always just buy another one...
1682912032,102.0.0.79,101.0.0.10,evil.dne,/resource13.html,"Yea, but it was half-assed. They spent all this time making this awesome game, then were like ""Oh shit, we gotta put this in somewhere."""
1682912033,102.0.0.79,101.0.0.20,pandora.com,/,
1682912058,102.0.0.79,101.0.0.20,ctmail.com,/,
1682912079,102.0.0.79,101.0.0.20,tiqcdn.com,/,
1682912091,102.0.0.79,101.0.0.20,ssl-images-amazon.com,/,
1682912115,102.0.0.79,101.0.0.20,firetvcaptiveportal.com,/,
1682912134,102.0.0.79,101.0.0.20,unrulymedia.com,/,
1682912152,102.0.0.79,101.0.0.20,scorecardresearch.com,/,
1682912191,102.0.0.79,101.0.0.20,sitescout.com,/,
1682912206,102.0.0.79,101.0.0.20,browser-intake-datadoghq.com,/,
1682912235,102.0.0.79,101.0.0.20,redd.it,/,
1682912264,102.0.0.79,101.0.0.20,twitter.com,/,
1682912287,102.0.0.79,101.0.0.20,nflximg.com,/,
1682912316,102.0.0.79,101.0.0.20,a2z.com,/,
1682912324,102.0.0.79,101.0.0.20,cdninstagram.com,/,
1682912344,102.0.0.79,101.0.0.20,youtube.com,/,
1682912377,102.0.0.79,101.0.0.20,split.io,/,
1682912410,102.0.0.79,101.0.0.20,flashtalking.com,/,
1682912428,102.0.0.79,101.0.0.20,office.com,/,
1682912452,102.0.0.79,101.0.0.20,windowsupdate.com,/,
1682912479,102.0.0.79,101.0.0.20,ttvnw.net,/,
1682912492,102.0.0.79,101.0.0.20,braze.com,/,
1682912519,102.0.0.79,101.0.0.20,amplitude.com,/,
1682912530,102.0.0.79,101.0.0.20,firebaseio.com,/,
1682912567,102.0.0.79,101.0.0.20,stackadapt.com,/,
1682912576,102.0.0.79,101.0.0.20,loopme.me,/,
1682912604,102.0.0.79,101.0.0.20,samsungcloudsolution.com,/,
1682912640,102.0.0.79,101.0.0.20,qualtrics.com,/,
1682912667,102.0.0.79,101.0.0.20,lencr.org,/,
1682912681,102.0.0.79,101.0.0.20,advertising.com,/,
1682912714,102.0.0.79,101.0.0.20,facebook.net,/,
1682912728,102.0.0.79,101.0.0.20,cdninstagram.com,/,
1682912751,102.0.0.79,101.0.0.20,office.net,/,
1682912771,102.0.0.79,101.0.0.20,rings.solutions,/,
1682912778,102.0.0.79,101.0.0.20,branch.io,/,
1682912819,102.0.0.79,101.0.0.20,ipredictive.com,/,
1682912822,102.0.0.79,101.0.0.20,cloudflare-dns.com,/,
1682912844,102.0.0.79,101.0.0.20,amazontrust.com,/,
1682912879,102.0.0.79,101.0.0.20,advertising.com,/,
1682912904,102.0.0.79,101.0.0.20,samsungqbe.com,/,
1682912918,102.0.0.79,101.0.0.20,ctmail.com,/,
1682912949,102.0.0.79,101.0.0.20,3gppnetwork.org,/,
1682912985,102.0.0.79,101.0.0.20,creativecdn.com,/,
1682912998,102.0.0.79,101.0.0.20,pangle-b.io,/,
1682913023,102.0.0.79,101.0.0.20,moatads.com,/,
1682913048,102.0.0.79,101.0.0.20,flurry.com,/,
1682913056,102.0.0.79,101.0.0.20,nr-data.net,/,
1682913089,102.0.0.79,101.0.0.20,miui.com,/,
1682913111,102.0.0.79,101.0.0.20,msftncsi.com,/,
1682913133,102.0.0.79,101.0.0.20,atomile.com,/,
1682913164,102.0.0.79,101.0.0.20,spo-msedge.net,/,
1682913189,102.0.0.79,101.0.0.20,dbankcloud.com,/,
1682913208,102.0.0.79,101.0.0.20,allawnos.com,/,
1682913235,102.0.0.79,101.0.0.20,getpocket.com,/,
1682913267,102.0.0.79,101.0.0.20,googleapis.com,/,
1682913280,102.0.0.79,101.0.0.20,meraki.com,/,
1682913311,102.0.0.79,101.0.0.20,entrust.net,/,
1682913333,102.0.0.79,101.0.0.20,clarity.ms,/,
1682913352,102.0.0.79,101.0.0.20,cnn.com,/,
1682913391,102.0.0.79,101.0.0.20,foxnews.com,/,
1682913401,102.0.0.79,101.0.0.20,split.io,/,
1682913434,102.0.0.79,101.0.0.20,meraki.com,/,
1682913458,102.0.0.79,101.0.0.20,amplitude.com,/,
1682913480,102.0.0.79,101.0.0.20,yandex.ru,/,
1682913487,102.0.0.79,101.0.0.20,acsechocaptiveportal.com,/,
1682913510,102.0.0.79,101.0.0.20,yahoo.com,/,
1682913539,102.0.0.79,101.0.0.20,appier.net,/,
1682913563,102.0.0.79,101.0.0.20,mgid.com,/,
1682913593,102.0.0.79,101.0.0.20,aaplimg.com,/,
1682913614,102.0.0.79,101.0.0.20,telegram.org,/,
1682913649,102.0.0.79,101.0.0.20,lijit.com,/,
1682913675,102.0.0.79,101.0.0.20,samsungcloud.com,/,
1682913686,102.0.0.79,101.0.0.20,samsungelectronics.com,/,
1682913719,102.0.0.79,101.0.0.20,ibytedtos.com,/,
1682913738,102.0.0.79,101.0.0.20,go-mpulse.net,/,
1682913772,102.0.0.79,101.0.0.20,kwaipros.com,/,
1682913801,102.0.0.79,101.0.0.20,one.one,/,
1682913821,102.0.0.79,101.0.0.20,digicert.com,/,
1682913833,102.0.0.79,101.0.0.20,gcdn.co,/,
1682913849,102.0.0.79,101.0.0.20,optimizely.com,/,
1682913893,102.0.0.79,101.0.0.20,googletagservices.com,/,
1682913917,102.0.0.79,101.0.0.20,pki.goog,/,
1682913941,102.0.0.79,101.0.0.20,vungle.com,/,
1682913942,102.0.0.79,101.0.0.20,apple-dns.net,/,
1682913969,102.0.0.79,101.0.0.20,connatix.com,/,
1682913986,102.0.0.79,101.0.0.20,jsdelivr.net,/,
1682914014,102.0.0.79,101.0.0.20,icloud-content.com,/,
1682914022,102.0.0.79,101.0.0.20,miui.com,/,
1682914048,102.0.0.79,101.0.0.20,sectigo.com,/,
1682914057,102.0.0.79,101.0.0.20,wsdvs.com,/,
1682914091,102.0.0.79,101.0.0.20,pki.goog,/,
1682914108,102.0.0.79,101.0.0.20,battle.net,/,
1682914127,102.0.0.79,101.0.0.20,teads.tv,/,
1682914149,102.0.0.79,101.0.0.20,tribalfusion.com,/,
1682914174,102.0.0.79,101.0.0.20,doubleverify.com,/,
1682914195,102.0.0.79,101.0.0.20,xboxlive.com,/,
1682914220,102.0.0.79,101.0.0.20,surfshark.com,/,
1682914248,102.0.0.79,101.0.0.20,cloudfront.net,/,
1682914265,102.0.0.79,101.0.0.20,bidr.io,/,
1682914280,102.0.0.79,101.0.0.20,a-msedge.net,/,
1682914301,102.0.0.79,101.0.0.20,go-mpulse.net,/,
1682914344,102.0.0.79,101.0.0.20,hp.com,/,
1682914349,102.0.0.79,101.0.0.20,stripe.com,/,
1682914371,102.0.0.79,101.0.0.20,wp.com,/,
1682914395,102.0.0.79,101.0.0.20,adsco.re,/,
1682914408,102.0.0.79,101.0.0.20,highwebmedia.com,/,
1682914425,102.0.0.79,101.0.0.20,rubiconproject.com,/,
1682914466,102.0.0.79,101.0.0.20,quantcount.com,/,
1682914484,102.0.0.79,101.0.0.20,ring.com,/,
1682914507,102.0.0.79,101.0.0.20,amazonalexa.com,/,
1682914526,102.0.0.79,101.0.0.20,tp-link.com,/,
1682914550,102.0.0.79,101.0.0.20,tynt.com,/,
1682914553,102.0.0.79,101.0.0.20,a2z.com,/,
1682914575,102.0.0.79,101.0.0.20,kwai-pro.com,/,
1682914603,102.0.0.79,101.0.0.20,mmechocaptiveportal.com,/,
1682914619,102.0.0.79,101.0.0.20,edgekey.net,/,
1682914641,102.0.0.79,101.0.0.20,lgtvsdp.com,/,
1682914661,102.0.0.79,101.0.0.20,twitch.tv,/,
1682914674,102.0.0.79,101.0.0.20,bootstrapcdn.com,/,
1682914700,102.0.0.79,101.0.0.20,smartadserver.com,/,
1682914706,102.0.0.79,101.0.0.20,tribalfusion.com,/,
1682914731,102.0.0.79,101.0.0.20,one.one,/,
1682914741,102.0.0.79,101.0.0.20,permutive.com,/,
1682914756,102.0.0.79,101.0.0.20,branch.io,/,
1682914781,102.0.0.79,101.0.0.20,innovid.com,/,
1682914806,102.0.0.79,101.0.0.20,vivoglobal.com,/,
1682914832,102.0.0.79,101.0.0.20,meethue.com,/,
1682914858,102.0.0.79,101.0.0.20,technoratimedia.com,/,
1682914862,102.0.0.79,101.0.0.20,usertrust.com,/,
1682914896,102.0.0.79,101.0.0.20,samsungapps.com,/,
1682914913,102.0.0.79,101.0.0.20,grammarly.io,/,
1682914921,102.0.0.79,101.0.0.20,avcdn.net,/,
1682914943,102.0.0.79,101.0.0.20,xboxlive.com,/,
1682914967,102.0.0.79,101.0.0.20,mail.ru,/,
1682914992,102.0.0.79,101.0.0.20,ntppool.org,/,
1682915021,102.0.0.79,101.0.0.20,jtvnw.net,/,
1682915034,102.0.0.79,101.0.0.20,inner-active.mobi,/,
1682915061,102.0.0.79,101.0.0.20,bidswitch.net,/,
1682915080,102.0.0.79,101.0.0.20,skype.com,/,
1682915102,102.0.0.79,101.0.0.20,appsflyersdk.com,/,
1682915121,102.0.0.79,101.0.0.20,adsco.re,/,
1682915137,102.0.0.79,101.0.0.20,discordapp.com,/,
1682915156,102.0.0.79,101.0.0.20,parsely.com,/,
1682915178,102.0.0.79,101.0.0.20,icloud.com,/,
1682915212,102.0.0.79,101.0.0.20,adnxs.com,/,
1682915228,102.0.0.79,101.0.0.20,addthis.com,/,
1682915246,102.0.0.79,101.0.0.20,nflximg.com,/,
1682915275,102.0.0.79,101.0.0.20,spotxchange.com,/,
1682915299,102.0.0.79,101.0.0.20,surfsharkstatus.com,/,
1682915305,102.0.0.79,101.0.0.20,samsung.com,/,
1682915332,102.0.0.79,101.0.0.20,acsechocaptiveportal.com,/,
1682915366,102.0.0.79,101.0.0.20,intentiq.com,/,
1682915385,102.0.0.79,101.0.0.20,klaviyo.com,/,
1682915405,102.0.0.79,101.0.0.20,smaato.net,/,
1682915425,102.0.0.79,101.0.0.20,sonobi.com,/,
1682915456,102.0.0.79,101.0.0.20,kwai.net,/,
1682915481,102.0.0.79,101.0.0.20,ntppool.org,/,
1682915495,102.0.0.79,101.0.0.20,dbankcdn.com,/,
1682915510,102.0.0.79,101.0.0.20,spotify.com,/,
1682915535,102.0.0.79,101.0.0.20,supersonicads.com,/,
1682915550,102.0.0.79,101.0.0.20,live.net,/,
1682915584,102.0.0.79,101.0.0.20,acsechocaptiveportal.com,/,
1682915589,102.0.0.79,101.0.0.20,akamai.net,/,
1682915626,102.0.0.79,101.0.0.20,windowsupdate.com,/,
1682915650,102.0.0.79,101.0.0.20,highwebmedia.com,/,
1682915665,102.0.0.79,101.0.0.20,tiktokcdn.com,/,
1682915680,102.0.0.79,101.0.0.20,ssacdn.com,/,
1682915706,102.0.0.79,101.0.0.20,live.net,/,
1682915709,102.0.0.79,101.0.0.20,applovin.com,/,
1682915739,102.0.0.79,101.0.0.20,firebaseio.com,/,
1682915755,102.0.0.79,101.0.0.20,360yield.com,/,
1682915789,102.0.0.79,101.0.0.20,samsungqbe.com,/,
1682915813,102.0.0.79,101.0.0.20,snapchat.com,/,
1682915822,102.0.0.79,101.0.0.20,avast.com,/,
1682915846,102.0.0.79,101.0.0.20,scorecardresearch.com,/,
1682915865,102.0.0.79,101.0.0.20,a-msedge.net,/,
1682915884,102.0.0.79,101.0.0.20,fwmrm.net,/,
1682915904,102.0.0.79,101.0.0.20,grammarly.com,/,
1682915937,102.0.0.79,101.0.0.20,mail.ru,/,
1682915949,102.0.0.79,101.0.0.20,sophos.com,/,
1682915974,102.0.0.79,101.0.0.20,adsco.re,/,
1682915993,102.0.0.79,101.0.0.20,fastly.net,/,
1682916011,102.0.0.79,101.0.0.20,online-metrix.net,/,
1682916031,102.0.0.79,101.0.0.20,entrust.net,/,
1682916060,102.0.0.79,101.0.0.20,kwai.net,/,
1682916071,102.0.0.79,101.0.0.20,azureedge.net,/,
1682916099,102.0.0.79,101.0.0.20,360yield.com,/,
1682916116,102.0.0.79,101.0.0.20,nr-data.net,/,
1682916141,102.0.0.79,101.0.0.20,unity3d.com,/,
1682916162,102.0.0.79,101.0.0.20,ibytedtos.com,/,
1682916186,102.0.0.79,101.0.0.20,qualtrics.com,/,
1682916215,102.0.0.79,101.0.0.20,googleapis.com,/,
1682916255,102.0.0.79,101.0.0.20,innovid.com,/,
1682916265,102.0.0.79,101.0.0.20,dbankcloud.cn,/,
1682916284,102.0.0.79,101.0.0.20,dropboxapi.com,/,
1682916303,102.0.0.79,101.0.0.20,canva.com,/,
1682916335,102.0.0.79,101.0.0.20,atomile.com,/,
1682916356,102.0.0.79,101.0.0.20,scorecardresearch.com,/,
1682916396,102.0.0.79,101.0.0.20,samsung.com,/,
1682916413,102.0.0.79,101.0.0.20,ctmail.com,/,
1682916451,102.0.0.79,101.0.0.20,split.io,/,
1682916464,102.0.0.79,101.0.0.20,serving-sys.com,/,
1682916495,102.0.0.79,101.0.0.20,s-msedge.net,/,
1682916512,102.0.0.79,101.0.0.20,sc-static.net,/,
1682916536,102.0.0.79,101.0.0.20,virtualearth.net,/,
1682916576,102.0.0.79,101.0.0.20,nest.com,/,
1682916602,102.0.0.79,101.0.0.20,cloudflare-dns.com,/,
1682916623,102.0.0.79,101.0.0.20,samsungosp.com,/,
1682916650,102.0.0.79,101.0.0.20,netflix.net,/,
1682916667,102.0.0.79,101.0.0.20,cdninstagram.com,/,
1682916698,102.0.0.79,101.0.0.20,bitdefender.net,/,
1682916723,102.0.0.79,101.0.0.20,gumgum.com,/,
1682916752,102.0.0.79,101.0.0.20,cloudapp.net,/,
1682916770,102.0.0.79,101.0.0.20,bugsnag.com,/,
1682916794,102.0.0.79,101.0.0.20,imrworldwide.com,/,
1682916802,102.0.0.79,101.0.0.20,cxense.com,/,
1682916828,102.0.0.79,101.0.0.20,quantummetric.com,/,
1682916854,102.0.0.79,101.0.0.20,expedia.com,/,
1682916873,102.0.0.79,101.0.0.20,flurry.com,/,
1682916910,102.0.0.79,101.0.0.20,xvideos-cdn.com,/,
1682916923,102.0.0.79,101.0.0.20,openx.net,/,
1682916946,102.0.0.79,101.0.0.20,mozilla.com,/,
1682916964,102.0.0.79,101.0.0.20,jtvnw.net,/,
1682916991,102.0.0.79,101.0.0.20,mathtag.com,/,
1682917021,102.0.0.79,101.0.0.20,hotmail.com,/,
1682917034,102.0.0.79,101.0.0.20,technoratimedia.com,/,
1682917057,102.0.0.79,101.0.0.20,adsco.re,/,
1682917072,102.0.0.79,101.0.0.20,cloudapp.net,/,
1682917097,102.0.0.79,101.0.0.20,s-onetag.com,/,
1682917117,102.0.0.79,101.0.0.20,ibytedtos.com,/,
1682917140,102.0.0.79,101.0.0.20,w55c.net,/,
1682917156,102.0.0.79,101.0.0.20,mozilla.net,/,
1682917181,102.0.0.79,101.0.0.20,samsungapps.com,/,
1682917200,102.0.0.79,101.0.0.20,sitescout.com,/,
1682917227,102.0.0.79,101.0.0.20,twimg.com,/,
1682917251,102.0.0.79,101.0.0.20,vungle.com,/,
1682917274,102.0.0.79,101.0.0.20,omtrdc.net,/,
1682917301,102.0.0.79,101.0.0.20,omtrdc.net,/,
1682917328,102.0.0.79,101.0.0.20,msidentity.com,/,
1682917339,102.0.0.79,101.0.0.20,unity3d.com,/,
1682917368,102.0.0.79,101.0.0.20,azureedge.net,/,
1682917383,102.0.0.79,101.0.0.20,virtualearth.net,/,
1682917415,102.0.0.79,101.0.0.20,akadns.net,/,
1682917441,102.0.0.79,101.0.0.20,taboola.com,/,
1682917452,102.0.0.79,101.0.0.20,hotjar.com,/,
1682917468,102.0.0.79,101.0.0.20,google.com,/,
1682917486,102.0.0.79,101.0.0.20,gvt2.com,/,
1682917519,102.0.0.79,101.0.0.20,dbankcloud.cn,/,
1682917528,102.0.0.79,101.0.0.20,mcafee.com,/,
1682917547,102.0.0.79,101.0.0.20,mcafee.com,/,
1682917577,102.0.0.79,101.0.0.20,amazon-adsystem.com,/,
1682917596,102.0.0.79,101.0.0.20,paypal.com,/,
1682917628,102.0.0.79,101.0.0.20,zemanta.com,/,
1682917658,102.0.0.79,101.0.0.20,doppiocdn.com,/,
1682917691,102.0.0.79,101.0.0.20,xvideos-cdn.com,/,
1682917708,102.0.0.79,101.0.0.20,salesforceliveagent.com,/,
1682917731,102.0.0.79,101.0.0.20,mixpanel.com,/,
1682917755,102.0.0.79,101.0.0.20,spo-msedge.net,/,
1682917793,102.0.0.79,101.0.0.20,discord.com,/,
1682917802,102.0.0.79,101.0.0.20,msftncsi.com,/,
1682917826,102.0.0.79,101.0.0.20,google.de,/,
1682917851,102.0.0.79,101.0.0.20,tiqcdn.com,/,
1682917887,102.0.0.79,101.0.0.20,amazon.de,/,
1682917902,102.0.0.79,101.0.0.20,adcolony.com,/,
1682917910,102.0.0.79,101.0.0.20,socdm.com,/,
1682917933,102.0.0.79,101.0.0.20,xiaomi.com,/,
1682917962,102.0.0.79,101.0.0.20,xiaomi.com,/,
1682917985,102.0.0.79,101.0.0.20,amazonvideo.com,/,
1682918012,102.0.0.79,101.0.0.20,kaspersky-labs.com,/,
1682918036,102.0.0.79,101.0.0.20,discord.gg,/,
1682918050,102.0.0.79,101.0.0.20,rings.solutions,/,
1682918069,102.0.0.79,101.0.0.20,googleapis.com,/,
1682918095,102.0.0.79,101.0.0.20,colossusssp.com,/,
1682918121,102.0.0.79,101.0.0.20,cdn-apple.com,/,
1682918146,102.0.0.79,101.0.0.20,yieldmo.com,/,
1682918175,102.0.0.79,101.0.0.20,slack.com,/,
1682918203,102.0.0.79,101.0.0.20,amazon.de,/,
1682918211,102.0.0.79,101.0.0.20,samsungcloud.com,/,
1682918253,102.0.0.79,101.0.0.20,worldfcdn2.com,/,
1682918261,102.0.0.79,101.0.0.20,steamstatic.com,/,
1682918284,102.0.0.79,101.0.0.20,msedge.net,/,
1682918303,102.0.0.79,101.0.0.20,jtvnw.net,/,
1682918321,102.0.0.79,101.0.0.20,indexww.com,/,
1682918345,102.0.0.79,101.0.0.20,doubleverify.com,/,
1682918363,102.0.0.79,101.0.0.20,netgear.com,/,
1682918387,102.0.0.79,101.0.0.20,intuit.com,/,
1682918416,102.0.0.79,101.0.0.20,creativecdn.com,/,
1682918434,102.0.0.79,101.0.0.20,doppiocdn.com,/,
1682918462,102.0.0.79,101.0.0.20,safebrowsing.apple,/,
1682918484,102.0.0.79,101.0.0.20,douyincdn.com,/,
1682918513,102.0.0.79,101.0.0.20,highwebmedia.com,/,
1682918524,102.0.0.79,101.0.0.20,ebay.com,/,
1682918539,102.0.0.79,101.0.0.20,bugsnag.com,/,
1682918554,102.0.0.79,101.0.0.20,amazon.de,/,
1682918593,102.0.0.79,101.0.0.20,wyzecam.com,/,
1682918600,102.0.0.79,101.0.0.20,live.net,/,
1682918627,102.0.0.79,101.0.0.20,adsafeprotected.com,/,
1682918649,102.0.0.79,101.0.0.20,amazon.com,/,
1682918669,102.0.0.79,101.0.0.20,stackadapt.com,/,
1682918682,102.0.0.79,101.0.0.20,mozilla.net,/,
1682918716,102.0.0.79,101.0.0.20,mediatek.com,/,
1682918721,102.0.0.79,101.0.0.20,facebook-hardware.com,/,
1682918757,102.0.0.79,101.0.0.20,twimg.com,/,
1682918772,102.0.0.79,101.0.0.20,licdn.com,/,
1682918798,102.0.0.79,101.0.0.20,sc-static.net,/,
1682918819,102.0.0.79,101.0.0.20,online-metrix.net,/,
1682918836,102.0.0.79,101.0.0.20,ttlivecdn.com,/,
1682918864,102.0.0.79,101.0.0.20,safebrowsing.apple,/,
1682918879,102.0.0.79,101.0.0.20,casalemedia.com,/,
1682918910,102.0.0.79,101.0.0.20,office365.com,/,
1682918946,102.0.0.79,101.0.0.20,teamviewer.com,/,
1682918955,102.0.0.79,101.0.0.20,aws.dev,/,
1682918990,102.0.0.79,101.0.0.20,zemanta.com,/,
1682919011,102.0.0.79,101.0.0.20,vivint.ai,/,
1682919028,102.0.0.79,101.0.0.20,xvideos-cdn.com,/,
1682919059,102.0.0.79,101.0.0.20,redditstatic.com,/,
1682919080,102.0.0.79,101.0.0.20,yahoo.com,/,
1682919107,102.0.0.79,101.0.0.20,fastly.net,/,
1682919119,102.0.0.79,101.0.0.20,canva.com,/,
1682919146,102.0.0.79,101.0.0.20,onetrust.com,/,
1682919157,102.0.0.79,101.0.0.20,tapad.com,/,
1682919173,102.0.0.79,101.0.0.20,vivoglobal.com,/,
1682919194,102.0.0.79,101.0.0.20,s-msedge.net,/,
1682919221,102.0.0.79,101.0.0.20,verisign.com,/,
1682919249,102.0.0.79,101.0.0.20,mixpanel.com,/,
1682919276,102.0.0.79,101.0.0.20,doubleclick.net,/,
1682919292,102.0.0.79,101.0.0.20,dropboxapi.com,/,
1682919311,102.0.0.79,101.0.0.20,mikrotik.com,/,
1682919333,102.0.0.79,101.0.0.20,fitbit.com,/,
1682919342,102.0.0.79,101.0.0.20,ntp.org,/,
1682919366,102.0.0.79,101.0.0.20,zopim.com,/,
1682919380,102.0.0.79,101.0.0.20,sharethrough.com,/,
1682919404,102.0.0.79,101.0.0.20,sfx.ms,/,
1682919431,102.0.0.79,101.0.0.20,moatads.com,/,
1682919449,102.0.0.79,101.0.0.20,worldfcdn.com,/,
1682919464,102.0.0.79,101.0.0.20,ubuntu.com,/,
1682919487,102.0.0.79,101.0.0.20,wikipedia.org,/,
1682919517,102.0.0.79,101.0.0.20,ipredictive.com,/,
1682919548,102.0.0.79,101.0.0.20,netgear.com,/,
1682919550,102.0.0.79,101.0.0.20,supersonicads.com,/,
1682919582,102.0.0.79,101.0.0.20,msecnd.net,/,
1682919608,102.0.0.79,101.0.0.20,cloudapp.net,/,
1682919637,102.0.0.79,101.0.0.20,bytefcdn-oversea.com,/,
1682919641,102.0.0.79,101.0.0.20,whatsapp.com,/,
1682919672,102.0.0.79,101.0.0.20,adobedtm.com,/,
1682919692,102.0.0.79,101.0.0.20,aws.dev,/,
1682919711,102.0.0.79,101.0.0.20,intentiq.com,/,
1682919727,102.0.0.79,101.0.0.20,ipredictive.com,/,
1682919745,102.0.0.79,101.0.0.20,grammarly.io,/,
1682919785,102.0.0.79,101.0.0.20,2mdn.net,/,
1682919810,102.0.0.79,101.0.0.20,twimg.com,/,
1682919818,102.0.0.79,101.0.0.20,flurry.com,/,
1682919858,102.0.0.79,101.0.0.20,google-analytics.com,/,
1682919866,102.0.0.79,101.0.0.20,taboola.com,/,
1682919893,102.0.0.79,101.0.0.20,ytimg.com,/,
1682919915,102.0.0.79,101.0.0.20,cnn.com,/,
1682919936,102.0.0.79,101.0.0.20,appsflyer.com,/,
1682919959,102.0.0.79,101.0.0.20,tiktokcdn-us.com,/,
1682919986,102.0.0.79,101.0.0.20,twitchcdn.net,/,
1682919993,102.0.0.79,101.0.0.20,imrworldwide.com,/,
1682920022,102.0.0.79,101.0.0.20,ubuntu.com,/,
1682920034,102.0.0.79,101.0.0.20,ring.com,/,
1682920059,102.0.0.79,101.0.0.20,globalsign.com,/,
1682920094,102.0.0.79,101.0.0.20,1rx.io,/,
1682920117,102.0.0.79,101.0.0.20,geoedge.be,/,
1682920120,102.0.0.79,101.0.0.20,bitdefender.com,/,
1682920155,102.0.0.79,101.0.0.20,fwmrm.net,/,
1682920172,102.0.0.79,101.0.0.20,googleusercontent.com,/,
1682920203,102.0.0.79,101.0.0.20,bing.com,/,
1682920232,102.0.0.79,101.0.0.20,4dex.io,/,
1682920261,102.0.0.79,101.0.0.20,adsafeprotected.com,/,
1682920278,102.0.0.79,101.0.0.20,disqus.com,/,
1682920286,102.0.0.79,101.0.0.20,foxnews.com,/,
1682920315,102.0.0.79,101.0.0.20,pitaya-clientai.com,/,
1682920346,102.0.0.79,101.0.0.20,revcontent.com,/,
1682920363,102.0.0.79,101.0.0.20,mzstatic.com,/,
1682920398,102.0.0.79,101.0.0.20,revcontent.com,/,
1682920410,102.0.0.79,101.0.0.20,microsoftonline.com,/,
1682920421,102.0.0.79,101.0.0.20,google.com,/,
1682920464,102.0.0.79,101.0.0.20,braze.com,/,
1682920484,102.0.0.79,101.0.0.20,trendmicro.com,/,
1682920516,102.0.0.79,101.0.0.20,amazonaws.com,/,
1682920535,102.0.0.79,101.0.0.20,flashtalking.com,/,
1682920567,102.0.0.79,101.0.0.20,outbrain.com,/,
1682920590,102.0.0.79,101.0.0.20,igamecj.com,/,
1682920612,102.0.0.79,101.0.0.20,tapad.com,/,
1682920631,102.0.0.79,101.0.0.20,cdn-apple.com,/,
1682920644,102.0.0.79,101.0.0.20,amazontrust.com,/,
1682920678,102.0.0.79,101.0.0.20,redditmedia.com,/,
1682920699,102.0.0.79,101.0.0.20,addthis.com,/,
1682920730,102.0.0.79,101.0.0.20,appsflyersdk.com,/,
1682920755,102.0.0.79,101.0.0.20,demdex.net,/,
1682920775,102.0.0.79,101.0.0.20,redditstatic.com,/,
1682920812,102.0.0.79,101.0.0.20,yieldmo.com,/,
1682920828,102.0.0.79,101.0.0.20,tremorhub.com,/,
1682920852,102.0.0.79,101.0.0.20,fitbit.com,/,
1682920879,102.0.0.79,101.0.0.20,forgeofempires.com,/,
1682920900,102.0.0.79,101.0.0.20,googleapis.com,/,
1682920932,102.0.0.79,101.0.0.20,tsyndicate.com,/,
1682920941,102.0.0.79,101.0.0.20,hulu.com,/,
1682920959,102.0.0.79,101.0.0.20,lencr.org,/,
1682920993,102.0.0.79,101.0.0.20,qualtrics.com,/,
1682921005,102.0.0.79,101.0.0.20,fullstory.com,/,
1682921038,102.0.0.79,101.0.0.20,quantummetric.com,/,
1682921058,102.0.0.79,101.0.0.20,zopim.com,/,
1682921066,102.0.0.79,101.0.0.20,sitescout.com,/,
1682921094,102.0.0.79,101.0.0.20,digicert.com,/,
1682921124,102.0.0.79,101.0.0.20,spo-msedge.net,/,
1682921138,102.0.0.79,101.0.0.20,trafficmanager.net,/,
1682921169,102.0.0.79,101.0.0.20,3gppnetwork.org,/,
1682921184,102.0.0.79,101.0.0.20,office.com,/,
1682921217,102.0.0.79,101.0.0.20,mmechocaptiveportal.com,/,
1682921223,102.0.0.79,101.0.0.20,rocket-cdn.com,/,
1682921249,102.0.0.79,101.0.0.20,google-analytics.com,/,
1682921282,102.0.0.79,101.0.0.20,kwai.net,/,
1682921307,102.0.0.79,101.0.0.20,eset.com,/,
1682921338,102.0.0.79,101.0.0.20,tynt.com,/,
1682921347,102.0.0.79,101.0.0.20,tiktokv.com,/,
1682921377,102.0.0.79,101.0.0.20,adnxs-simple.com,/,
1682921405,102.0.0.79,101.0.0.20,33across.com,/,
1682921430,102.0.0.79,101.0.0.20,l-msedge.net,/,
1682921458,102.0.0.79,101.0.0.20,baidu.com,/,
1682921471,102.0.0.79,101.0.0.20,worldfcdn2.com,/,
1682921488,102.0.0.79,101.0.0.20,tiktok.com,/,
1682921508,102.0.0.79,101.0.0.20,epicgames.com,/,
1682921539,102.0.0.79,101.0.0.20,virtualearth.net,/,
1682921568,102.0.0.79,101.0.0.20,mail.ru,/,
1682921580,102.0.0.79,101.0.0.20,criteo.net,/,
1682921598,102.0.0.79,101.0.0.20,adroll.com,/,
1682921623,102.0.0.79,101.0.0.20,revcontent.com,/,
1682921644,102.0.0.79,101.0.0.20,stickyadstv.com,/,
1682921672,102.0.0.79,101.0.0.20,googleapis.com,/,
1682921687,102.0.0.79,101.0.0.20,facebook.com,/,
1682921703,102.0.0.79,101.0.0.20,brave.com,/,
1682921720,102.0.0.79,101.0.0.20,baidu.com,/,
1682921751,102.0.0.79,101.0.0.20,adform.net,/,
1682921780,102.0.0.79,101.0.0.20,tiktokcdn.com,/,
1682921798,102.0.0.79,101.0.0.20,segment.io,/,
1682921823,102.0.0.79,101.0.0.20,grammarly.io,/,
1682921834,102.0.0.79,101.0.0.20,atomile.com,/,
1682921867,102.0.0.79,101.0.0.20,googleapis.com,/,
1682921892,102.0.0.79,101.0.0.20,openx.net,/,
1682921923,102.0.0.79,101.0.0.20,bugsnag.com,/,
1682921939,102.0.0.79,101.0.0.20,wsdvs.com,/,
1682921946,102.0.0.79,101.0.0.20,visualstudio.com,/,
1682921973,102.0.0.79,101.0.0.20,synology.com,/,
1682921994,102.0.0.79,101.0.0.20,steampowered.com,/,
1682921999,102.0.0.79,101.0.0.20,samsungosp.com,/,
1682922021,102.0.0.79,101.0.0.20,nintendo.net,/,
1682922057,102.0.0.79,101.0.0.20,akamai.net,/,
1682922067,102.0.0.79,101.0.0.20,mzstatic.com,/,
1682922085,102.0.0.79,101.0.0.20,azurewebsites.net,/,
1682922124,102.0.0.79,101.0.0.20,adsrvr.org,/,
1682922143,102.0.0.79,101.0.0.20,surfsharkstatus.com,/,
1682922163,102.0.0.79,101.0.0.20,forter.com,/,
1682922179,102.0.0.79,101.0.0.20,socdm.com,/,
1682922202,102.0.0.79,101.0.0.20,pangle.io,/,
1682922238,102.0.0.79,101.0.0.20,optimizely.com,/,
1682922253,102.0.0.79,101.0.0.20,netflix.com,/,
1682922281,102.0.0.79,101.0.0.20,yimg.com,/,
1682922295,102.0.0.79,101.0.0.20,mzstatic.com,/,
1682922326,102.0.0.79,101.0.0.20,adobe.io,/,
1682922355,102.0.0.79,101.0.0.20,digicert.com,/,
1682922374,102.0.0.79,101.0.0.20,indexww.com,/,
1682922396,102.0.0.79,101.0.0.20,agkn.com,/,
1682922429,102.0.0.79,101.0.0.20,33across.com,/,
1682922435,102.0.0.79,101.0.0.20,pitaya-clientai.com,/,
1682922452,102.0.0.79,101.0.0.20,edgesuite.net,/,
1682922479,102.0.0.79,101.0.0.20,bytetcdn.com,/,
1682922505,102.0.0.79,101.0.0.20,dbankcloud.cn,/,
1682922529,102.0.0.79,101.0.0.20,demdex.net,/,
1682922543,102.0.0.79,101.0.0.20,parsely.com,/,
1682922571,102.0.0.79,101.0.0.20,a-msedge.net,/,
1682922603,102.0.0.79,101.0.0.20,gstatic.com,/,
1682922629,102.0.0.79,101.0.0.20,lijit.com,/,
1682922658,102.0.0.79,101.0.0.20,userapi.com,/,
1682922682,102.0.0.79,101.0.0.20,forter.com,/,
1682922696,102.0.0.79,101.0.0.20,firebaseio.com,/,
1682922724,102.0.0.79,101.0.0.20,online-metrix.net,/,
1682922756,102.0.0.79,101.0.0.20,pki.goog,/,
1682922781,102.0.0.79,101.0.0.20,akaquill.net,/,
1682922787,102.0.0.79,101.0.0.20,doubleclick.net,/,
1682922814,102.0.0.79,101.0.0.20,linkedin.com,/,
1682922836,102.0.0.79,101.0.0.20,intuit.com,/,
1682922843,102.0.0.79,101.0.0.20,a-mo.net,/,
1682922875,102.0.0.79,101.0.0.20,criteo.net,/,
1682922900,102.0.0.79,101.0.0.20,samsungqbe.com,/,
1682922912,102.0.0.79,101.0.0.20,snapchat.com,/,
1682922946,102.0.0.79,101.0.0.20,yandex.net,/,
1682922974,102.0.0.79,101.0.0.20,ipify.org,/,
1682923011,102.0.0.79,101.0.0.20,instagram.com,/,
1682923032,102.0.0.79,101.0.0.20,1rx.io,/,
1682923052,102.0.0.79,101.0.0.20,t.co,/,
1682923080,102.0.0.79,101.0.0.20,isnssdk.com,/,
1682923097,102.0.0.79,101.0.0.20,googleapis.com,/,
1682923122,102.0.0.79,101.0.0.20,msftncsi.com,/,
1682923152,102.0.0.79,101.0.0.20,mozilla.org,/,
1682923164,102.0.0.79,101.0.0.20,azureedge.net,/,
1682923185,102.0.0.79,101.0.0.20,doubleclick.net,/,
1682923213,102.0.0.79,101.0.0.20,slack.com,/,
1682923232,102.0.0.79,101.0.0.20,akamaihd.net,/,
1682923247,102.0.0.79,101.0.0.20,cdn77.org,/,
1682923269,102.0.0.79,101.0.0.20,cloudapp.net,/,
1682923308,102.0.0.79,101.0.0.20,akamaized.net,/,
1682923328,102.0.0.79,101.0.0.20,mparticle.com,/,
1682923348,102.0.0.79,101.0.0.20,3lift.com,/,
1682923376,102.0.0.79,101.0.0.20,bootstrapcdn.com,/,
1682923391,102.0.0.79,101.0.0.20,nflxso.net,/,
1682923404,102.0.0.79,101.0.0.20,realsrv.com,/,
1682923434,102.0.0.79,101.0.0.20,heytapdl.com,/,
1682923455,102.0.0.79,101.0.0.20,aniview.com,/,
1682923471,102.0.0.79,101.0.0.20,mozilla.org,/,
1682923498,102.0.0.79,101.0.0.20,onesignal.com,/,
1682923524,102.0.0.79,101.0.0.20,sonobi.com,/,
1682923551,102.0.0.79,101.0.0.20,clarity.ms,/,
1682923562,102.0.0.79,101.0.0.20,mediavine.com,/,
1682923581,102.0.0.79,101.0.0.20,epicgames.dev,/,
1682923605,102.0.0.79,101.0.0.20,lgtvsdp.com,/,
1682923631,102.0.0.79,101.0.0.20,sonnenbatterie.de,/,
1682923650,102.0.0.79,101.0.0.20,duckduckgo.com,/,
1682923665,102.0.0.79,101.0.0.20,playstation.net,/,
1682923693,102.0.0.79,101.0.0.20,nr-data.net,/,
1682923719,102.0.0.79,101.0.0.20,kaspersky.com,/,
1682923729,102.0.0.79,101.0.0.20,intentiq.com,/,
1682923760,102.0.0.79,101.0.0.20,plex.tv,/,
1682923794,102.0.0.79,101.0.0.20,amazon.com,/,
1682923822,102.0.0.79,101.0.0.20,connatix.com,/,
1682923837,102.0.0.79,101.0.0.20,cloudflare-dns.com,/,
1682923854,102.0.0.79,101.0.0.20,pinimg.com,/,
1682923888,102.0.0.79,101.0.0.20,outlook.com,/,
1682923912,102.0.0.79,101.0.0.20,segment.io,/,
1682923946,102.0.0.79,101.0.0.20,yahoodns.net,/,
1682923968,102.0.0.79,101.0.0.20,sharethis.com,/,
1682923985,102.0.0.79,101.0.0.20,ttoverseaus.net,/,
1682923999,102.0.0.79,101.0.0.20,live.com,/,
1682924021,102.0.0.79,101.0.0.20,mikrotik.com,/,
1682924042,102.0.0.79,101.0.0.20,samsungcloudsolution.com,/,
1682924076,102.0.0.79,101.0.0.20,usertrust.com,/,
1682924089,102.0.0.79,101.0.0.20,googletagservices.com,/,
1682924115,102.0.0.79,101.0.0.20,tiktokcdn-us.com,/,
1682924124,102.0.0.79,101.0.0.20,tiqcdn.com,/,
1682924154,102.0.0.79,101.0.0.20,dropbox.com,/,
1682924174,102.0.0.79,101.0.0.20,aliyuncs.com,/,
1682924195,102.0.0.79,101.0.0.20,revcontent.com,/,
1682924231,102.0.0.79,101.0.0.20,weather.com,/,
1682924254,102.0.0.79,101.0.0.20,webex.com,/,
1682924279,102.0.0.79,101.0.0.20,adobedtm.com,/,
1682924294,102.0.0.79,101.0.0.20,doubleverify.com,/,
1682924313,102.0.0.79,101.0.0.20,ubnt.com,/,
1682924332,102.0.0.79,101.0.0.20,gumgum.com,/,
1682924339,102.0.0.79,101.0.0.20,fastly.net,/,
1682924360,102.0.0.79,101.0.0.20,ipify.org,/,
1682924382,102.0.0.79,101.0.0.20,adsco.re,/,
1682924409,102.0.0.79,101.0.0.20,googleusercontent.com,/,
1682924435,102.0.0.79,101.0.0.20,azurewebsites.net,/,
1682924444,102.0.0.79,101.0.0.20,tiktokcdn-us.com,/,
1682924469,102.0.0.79,101.0.0.20,go-mpulse.net,/,
1682924480,102.0.0.79,101.0.0.20,newrelic.com,/,
1682924503,102.0.0.79,101.0.0.20,loopme.me,/,
1682924537,102.0.0.79,101.0.0.20,nvidia.com,/,
1682924559,102.0.0.79,101.0.0.20,aaplimg.com,/,
1682924580,102.0.0.79,101.0.0.20,firebaseio.com,/,
1682924608,102.0.0.79,101.0.0.20,pubmatic.com,/,
1682924637,102.0.0.79,101.0.0.20,smaato.net,/,
1682924652,102.0.0.79,101.0.0.20,segment.io,/,
1682924693,102.0.0.79,101.0.0.20,optimizely.com,/,
1682924709,102.0.0.79,101.0.0.20,webex.com,/,
1682924736,102.0.0.79,101.0.0.20,bing.com,/,
1682924761,102.0.0.79,101.0.0.20,criteo.net,/,
1682924779,102.0.0.79,101.0.0.20,sonnenbatterie.de,/,
1682924807,102.0.0.79,101.0.0.20,apple.news,/,
1682924834,102.0.0.79,101.0.0.20,fastly.net,/,
1682924847,102.0.0.79,101.0.0.20,tiktokv.com,/,
1682924875,102.0.0.79,101.0.0.20,atomile.com,/,
1682924883,102.0.0.79,101.0.0.20,eyeota.net,/,
1682924911,102.0.0.79,101.0.0.20,adform.net,/,
1682924937,102.0.0.79,101.0.0.20,plex.tv,/,
1682924962,102.0.0.79,101.0.0.20,adobe.com,/,
1682924997,102.0.0.79,101.0.0.20,ring.com,/,
1682925006,102.0.0.79,101.0.0.20,nflximg.com,/,
1682925048,102.0.0.79,101.0.0.20,rocket-cdn.com,/,
1682925051,102.0.0.79,101.0.0.20,nr-data.net,/,
1682925090,102.0.0.79,101.0.0.20,onetag-sys.com,/,
1682925097,102.0.0.79,101.0.0.20,wikipedia.org,/,
1682925122,102.0.0.79,101.0.0.20,intentiq.com,/,
1682925136,102.0.0.79,101.0.0.20,ttvnw.net,/,
1682925158,102.0.0.79,101.0.0.20,pangle-b.io,/,
1682925171,102.0.0.79,101.0.0.20,expedia.com,/,
1682925187,102.0.0.79,101.0.0.20,doubleclick.net,/,
1682925223,102.0.0.79,101.0.0.20,gcdn.co,/,
1682925252,102.0.0.79,101.0.0.20,fastly.net,/,
1682925267,102.0.0.79,101.0.0.20,sc-gw.com,/,
1682925290,102.0.0.79,101.0.0.20,igamecj.com,/,
1682925320,102.0.0.79,101.0.0.20,amazonvideo.com,/,
1682925348,102.0.0.79,101.0.0.20,cdn77.org,/,
1682925353,102.0.0.79,101.0.0.20,algolia.net,/,
1682925391,102.0.0.79,101.0.0.20,typekit.net,/,
1682925407,102.0.0.79,101.0.0.20,mparticle.com,/,
1682925424,102.0.0.79,101.0.0.20,paypal.com,/,
